buyercompany,cer,projectnumber,sector,industry,buyerstat,psize,locationregion,location,treat,buyercountry,investmentmus,subregion,yrs,stperiodktco2eyr,expectedaccumulated2020ktco2e,expectedaccumulated2030ktco2e,Africa_x,Asia & Pacific_x,Europe & Central Asia_x,Latin America_x,Middle-East_x,Asia & PacificP,Latin AmericaP,AfricaP,Middle-EastP,Europe & Central AsiaP,Africa_y,Asia & Pacific_y,Europe & Central Asia_y,Latin America_y,Middle-East_y,Africa,Asia & Pacific,Europe & Central Asia,Latin America,Middle-East
A&T Carbon Asset Co.,12.6025,4,Financials,Asset Management,privatelocal,0.0,Asia & Pacific,China,0.0,United K. ,76.925,East Asia,7.0,108.02499725000001,933.5,2014.25,0.0,4.0,0.0,0.0,0.0,1.0,0.0,0.0,0.0,0.0,0.0,4.0,0.0,0.0,0.0,0.0,4.0,0.0,0.0,0.0
ACT Carbon Capital,10.361666766666666,6,Business consulting and others,Environmental Services,privatelocal,0.6666666666666666,Asia & Pacific,China,0.0,United K. ,64.9000015,East Asia,7.0,110.09999800000001,683.0,1784.5,0.0,6.0,0.0,0.0,0.0,1.0,0.0,0.0,0.0,0.0,0.0,6.0,0.0,0.0,0.0,0.0,6.0,0.0,0.0,0.0
AES AgriVerde,10.47,1,Energy,"Oil, Gas & Coal",privatelocal,1.0,Asia & Pacific,Indonesia,0.0,Netherlands ,0.98699999,Southeast Asia,7.0,39.200001,469.0,824.0,0.0,1.0,0.0,0.0,0.0,1.0,0.0,0.0,0.0,0.0,0.0,1.0,0.0,0.0,0.0,0.0,1.0,0.0,0.0,0.0
AES Carbon Exchange Ltd.,10.064000179999999,5,Financials,Asset Management,privatelocal,0.2,Asia & Pacific,China,0.0,Netherlands ,60.31999988,East Asia,7.0,197.2999982,1929.2,3903.0,0.0,5.0,0.0,0.0,0.0,1.0,0.0,0.0,0.0,0.0,0.0,5.0,0.0,0.0,0.0,0.0,5.0,0.0,0.0,0.0
Acciona Green Energy Developments,10.66,1,Utilities,Utilities,privatelocal,0.0,Asia & Pacific,India,0.0,Spain ,46.200001,Southern Asia,10.0,88.199997,882.0,882.0,0.0,1.0,0.0,0.0,0.0,1.0,0.0,0.0,0.0,0.0,0.0,1.0,0.0,0.0,0.0,0.0,1.0,0.0,0.0,0.0
Agrinergy,10.36000005,2,Business consulting and others,Environmental Services,privateglobal,1.0,Asia & Pacific,Thailand,0.0,United K. ,1.5,Southeast Asia,8.5,25.750001,220.5,430.5,0.0,2.0,0.0,0.0,0.0,1.0,0.0,0.0,0.0,0.0,0.0,2.0,0.0,0.0,0.0,0.0,2.0,0.0,0.0,0.0
Alliance Energy Investment Co.,12.14,2,Financials,Asset Management,privatelocal,0.0,Asia & Pacific,China,0.0,United K. ,66.8500025,East Asia,8.5,104.55000100000001,856.5,1495.0,0.0,2.0,0.0,0.0,0.0,1.0,0.0,0.0,0.0,0.0,0.0,2.0,0.0,0.0,0.0,0.0,2.0,0.0,0.0,0.0
Arcadia,11.158148262962966,27,Energy,"Oil, Gas & Coal",privatelocal,0.25925925925925924,Asia & Pacific,Thailand,0.0,Switzerland ,39.68518496296296,Southeast Asia,8.0,89.7333334814815,720.5555555555555,1418.9259259259259,0.0,27.0,0.0,0.0,0.0,1.0,0.0,0.0,0.0,0.0,0.0,27.0,0.0,0.0,0.0,0.0,27.0,0.0,0.0,0.0
Arreon Carbon UK,12.257164213432844,67,Financials,Asset Management,privateglobal,0.07462686567164178,Asia & Pacific,China,0.0,United K. ,91.8164178074627,East Asia,7.044776119402985,207.12388082089555,1782.910447761194,3557.582089552239,0.0,67.0,0.0,0.0,0.0,1.0,0.0,0.0,0.0,0.0,0.0,67.0,0.0,0.0,0.0,0.0,67.0,0.0,0.0,0.0
Asian Development Bank,13.8587500625,8,Government,Supranationals,MDB,0.75,Asia & Pacific,Sri Lanka,0.125,Sweden ,38.587500097500005,Southern Asia,8.875,97.250002375,814.25,1009.0,0.0,8.0,0.0,0.0,0.0,1.0,0.0,0.0,0.0,0.0,0.0,8.0,0.0,0.0,0.0,0.0,8.0,0.0,0.0,0.0
Asja Ambiente Italia,10.44,3,Energy,Renewable Energy,privateglobal,0.6666666666666666,Asia & Pacific,China,0.0,Switzerland ,7.7,East Asia,9.0,50.50000033333333,514.0,744.6666666666666,0.0,3.0,0.0,0.0,0.0,1.0,0.0,0.0,0.0,0.0,0.0,3.0,0.0,0.0,0.0,0.0,3.0,0.0,0.0,0.0
BKW FMB Energie,10.217500000000001,4,Energy,Renewable Energy,privateglobal,1.0,Asia & Pacific,China,0.0,Switzerland ,2.62500005,East Asia,8.5,41.4249995,372.25,648.5,0.0,4.0,0.0,0.0,0.0,1.0,0.0,0.0,0.0,0.0,0.0,4.0,0.0,0.0,0.0,0.0,4.0,0.0,0.0,0.0
BNP Paribas,13.068,2,Financials,Banking,privateglobal,0.0,Europe & Central Asia,China,0.0,United K. ,368.5499945,East Asia,8.5,1101.199995,10651.0,21771.5,0.0,1.0,1.0,0.0,0.0,0.5,0.0,0.0,0.0,0.5,0.0,1.0,1.0,0.0,0.0,0.0,1.0,1.0,0.0,0.0
Barclays Bank,11.934166666666668,12,Financials,Banking,privateglobal,0.0,Asia & Pacific,China,0.0,United K. ,36.750001166666664,East Asia,9.75,171.64166816666668,1656.5833333333333,2235.3333333333335,0.0,12.0,0.0,0.0,0.0,1.0,0.0,0.0,0.0,0.0,0.0,12.0,0.0,0.0,0.0,0.0,12.0,0.0,0.0,0.0
Biotec International,11.84,1,Energy,Renewable Energy,privatelocal,1.0,Asia & Pacific,Malaysia,0.0,United K. ,1.2,Southeast Asia,7.0,33.5,333.0,668.0,0.0,1.0,0.0,0.0,0.0,1.0,0.0,0.0,0.0,0.0,0.0,1.0,0.0,0.0,0.0,0.0,1.0,0.0,0.0,0.0
Blue World Carbon,12.192000029999999,20,Financials,Specialty Finance,privateglobal,0.0,Asia & Pacific,Vietnam,0.0,United K. ,55.82000000000001,Southeast Asia,7.3,88.5949996,710.1,1462.4,0.0,20.0,0.0,0.0,0.0,1.0,0.0,0.0,0.0,0.0,0.0,20.0,0.0,0.0,0.0,0.0,20.0,0.0,0.0,0.0
British Gas Trading,10.66,1,Utilities,Utilities,privatelocal,1.0,Asia & Pacific,China,0.0,United K. ,7.599999900000001,East Asia,10.0,34.200001,342.0,342.0,0.0,1.0,0.0,0.0,0.0,1.0,0.0,0.0,0.0,0.0,0.0,1.0,0.0,0.0,0.0,0.0,1.0,0.0,0.0,0.0
Bunge Emissions Group,10.837777911111111,9,Business consulting and others,Environmental Services,privateglobal,0.3333333333333333,Latin America,Guatemala,0.0,Switzerland ,27.199998688888886,East Asia,8.0,96.82222222222222,844.8888888888889,1446.888888888889,0.0,8.0,0.0,1.0,0.0,0.8888888888888888,0.1111111111111111,0.0,0.0,0.0,0.0,8.0,0.0,1.0,0.0,0.0,8.0,0.0,1.0,0.0
CAMCO,13.21107139047619,84,Financials (Special),Specialty Finance,privateglobal,0.08333333333333333,Europe & Central Asia,Vietnam,0.011904761904761904,United K. ,61.39166680714286,Southeast Asia,8.964285714285714,110.89880929761905,983.6904761904761,1519.6785714285713,0.0,83.0,1.0,0.0,0.0,0.9880952380952381,0.0,0.0,0.0,0.011904761904761904,0.0,83.0,1.0,0.0,0.0,0.0,83.0,1.0,0.0,0.0
CCAN Consulting,10.07,1,Business consulting and others,Environmental Services,privateglobal,1.0,Asia & Pacific,China,0.0,Netherlands ,14.8,East Asia,7.0,37.299999,375.0,748.0,0.0,1.0,0.0,0.0,0.0,1.0,0.0,0.0,0.0,0.0,0.0,1.0,0.0,0.0,0.0,0.0,1.0,0.0,0.0,0.0
CDM Facility NCDMF,5.0,1,Government,Government Agencies,MDB,0.0,Latin America,Peru,0.0,Netherlands ,7.0,South America,7.0,299.0,4109.0,6222.0,0.0,0.0,0.0,1.0,0.0,0.0,1.0,0.0,0.0,0.0,0.0,0.0,0.0,1.0,0.0,0.0,0.0,0.0,1.0,0.0
CEZ,11.056666666666667,3,Utilities,Utilities,privateglobal,0.3333333333333333,Asia & Pacific,China,0.0,Netherlands ,20.300000033333333,East Asia,7.0,61.300000000000004,585.6666666666666,1199.0,0.0,3.0,0.0,0.0,0.0,1.0,0.0,0.0,0.0,0.0,0.0,3.0,0.0,0.0,0.0,0.0,3.0,0.0,0.0,0.0
CF Partners,11.250588358823531,17,Financials (Special),Asset Management,privatelocal,0.17647058823529413,Latin America,Nicaragua,0.058823529411764705,United K. ,104.1351167117647,Southeast Asia,7.0,167.470588,1503.4705882352941,3166.0,0.0,16.0,0.0,1.0,0.0,0.9411764705882353,0.058823529411764705,0.0,0.0,0.0,0.0,16.0,0.0,1.0,0.0,0.0,16.0,0.0,1.0,0.0
CO2logic,15.4,1,Business consulting and others,Environmental Services,privateglobal,0.0,Africa,South Africa,0.0,Belgium ,179.39999,Southern Africa,7.0,107.8,800.0,1879.0,1.0,0.0,0.0,0.0,0.0,0.0,0.0,1.0,0.0,0.0,1.0,0.0,0.0,0.0,0.0,1.0,0.0,0.0,0.0,0.0
Cambridge Funds Investment,11.493333280000002,15,Financials,Asset Management,privateglobal,0.06666666666666667,Asia & Pacific,China,0.0,United K. ,52.186667066666665,East Asia,7.0,80.21999973333332,726.6,1529.4666666666667,0.0,15.0,0.0,0.0,0.0,1.0,0.0,0.0,0.0,0.0,0.0,15.0,0.0,0.0,0.0,0.0,15.0,0.0,0.0,0.0
Cantor Fitzgerald Europe,23.690001000000002,1,Financials,Institutional Financial Svcs,privateglobal,1.0,Asia & Pacific,India,0.0,United K. ,7.5,Southern Asia,10.0,13.0,130.0,130.0,0.0,1.0,0.0,0.0,0.0,1.0,0.0,0.0,0.0,0.0,0.0,1.0,0.0,0.0,0.0,0.0,1.0,0.0,0.0,0.0
Carbon & Energy Capital,10.790000150000001,4,Financials (Special),Specialty Finance,privatelocal,0.0,Asia & Pacific,China,0.0,United K. ,54.749999249999995,East Asia,7.0,176.32500249999998,1343.0,3107.25,0.0,4.0,0.0,0.0,0.0,1.0,0.0,0.0,0.0,0.0,0.0,4.0,0.0,0.0,0.0,0.0,4.0,0.0,0.0,0.0
Carbon Alliance Holding,10.66,1,Financials,Specialty Finance,privateglobal,1.0,Asia & Pacific,China,0.0,Switzerland ,12.9,East Asia,7.0,33.599998,328.0,664.0,0.0,1.0,0.0,0.0,0.0,1.0,0.0,0.0,0.0,0.0,0.0,1.0,0.0,0.0,0.0,0.0,1.0,0.0,0.0,0.0
Carbon Asset Management Sweden AB,11.171666719298251,114,Financials,Asset Management,privateglobal,0.30701754385964913,Asia & Pacific,Vietnam,0.017543859649122806,United K. ,53.57699146283187,Southern Asia,7.324561403508772,123.81403508070179,1192.0438596491229,2171.122807017544,0.0,114.0,0.0,0.0,0.0,1.0,0.0,0.0,0.0,0.0,0.0,114.0,0.0,0.0,0.0,0.0,114.0,0.0,0.0,0.0
Carbon Capital Management,12.438181845454546,22,Materials,Chemicals,privateglobal,0.18181818181818182,Asia & Pacific,China,0.0,Japan ,34.68181814090909,East Asia,8.409090909090908,114.5590917272727,1040.2727272727273,1560.9545454545455,0.0,22.0,0.0,0.0,0.0,1.0,0.0,0.0,0.0,0.0,0.0,22.0,0.0,0.0,0.0,0.0,22.0,0.0,0.0,0.0
Carbon Finance Ltd,6.5,2,Financials (Special),Specialty Finance,privateglobal,0.0,Asia & Pacific,India,0.0,Japan ,16.05000001,Southern Asia,10.0,68.6000025,686.0,686.0,0.0,2.0,0.0,0.0,0.0,1.0,0.0,0.0,0.0,0.0,0.0,2.0,0.0,0.0,0.0,0.0,2.0,0.0,0.0,0.0
Carbon Limits,12.0,1,Industrials,Engineering & Construction Svcs,privateglobal,0.0,Middle-East,Iran,0.0,Norway ,9.1000004,Iranian Plateau,7.0,463.10000999999994,4709.0,9342.0,0.0,0.0,0.0,0.0,1.0,0.0,0.0,0.0,1.0,0.0,0.0,0.0,0.0,0.0,1.0,0.0,0.0,0.0,0.0,1.0
Carbon Market Watch,20.129998999999998,1,Business consulting and others,Environmental Services,privateglobal,0.0,Asia & Pacific,India,1.0,Belgium ,32.700001,Southern Asia,10.0,49.5,401.0,495.0,0.0,1.0,0.0,0.0,0.0,1.0,0.0,0.0,0.0,0.0,0.0,1.0,0.0,0.0,0.0,0.0,1.0,0.0,0.0,0.0
Carbon Resource Management,12.662727322727275,110,Financials (Special),Specialty Finance,privateglobal,0.045454545454545456,Asia & Pacific,Vietnam,0.01818181818181818,United K. ,93.80818186363636,Southeast Asia,7.027272727272727,137.6618177,1324.7,2578.081818181818,0.0,110.0,0.0,0.0,0.0,1.0,0.0,0.0,0.0,0.0,0.0,110.0,0.0,0.0,0.0,0.0,110.0,0.0,0.0,0.0
Carbon Road,11.01600006,5,Business consulting and others,Environmental Services,privatelocal,0.0,Asia & Pacific,China,0.0,Netherlands ,50.6000002,East Asia,7.0,121.460002,988.2,2203.2,0.0,5.0,0.0,0.0,0.0,1.0,0.0,0.0,0.0,0.0,0.0,5.0,0.0,0.0,0.0,0.0,5.0,0.0,0.0,0.0
Carbon Trading Capital,11.520000000000001,11,Financials,Asset Management,privatelocal,0.45454545454545453,Asia & Pacific,China,0.0,United K. ,28.972727190909094,East Asia,7.0,60.23636309090909,462.1818181818182,1064.909090909091,0.0,11.0,0.0,0.0,0.0,1.0,0.0,0.0,0.0,0.0,0.0,11.0,0.0,0.0,0.0,0.0,11.0,0.0,0.0,0.0
CarbonNeutral Company,10.66,1,Financials (Special),Specialty Finance,privateglobal,1.0,Asia & Pacific,India,0.0,United K. ,4.5,Southern Asia,10.0,7.1999998,72.0,72.0,0.0,1.0,0.0,0.0,0.0,1.0,0.0,0.0,0.0,0.0,0.0,1.0,0.0,0.0,0.0,0.0,1.0,0.0,0.0,0.0
Cargill International S.A.,10.035714414285716,7,Consumer Discretionary,Distributors - Discretionary,privatelocal,0.7142857142857143,Asia & Pacific,Thailand,0.14285714285714285,Switzerland ,9.028571471428572,Southeast Asia,7.0,53.600000142857134,595.7142857142857,1158.142857142857,0.0,7.0,0.0,0.0,0.0,1.0,0.0,0.0,0.0,0.0,0.0,7.0,0.0,0.0,0.0,0.0,7.0,0.0,0.0,0.0
CasperVanderTak,9.4700003,1,Business consulting and others,Environmental Services,privateglobal,1.0,Asia & Pacific,China,0.0,Netherlands ,8.6999998,East Asia,7.0,35.700001,351.0,708.0,0.0,1.0,0.0,0.0,0.0,1.0,0.0,0.0,0.0,0.0,0.0,1.0,0.0,0.0,0.0,0.0,1.0,0.0,0.0,0.0
Ceres Carbon Securities,10.805000150000001,4,Financials,Institutional Financial Svcs,privatelocal,0.25,Asia & Pacific,China,0.0,United K. ,39.49999925,East Asia,7.0,69.05000025,655.5,1346.25,0.0,4.0,0.0,0.0,0.0,1.0,0.0,0.0,0.0,0.0,0.0,4.0,0.0,0.0,0.0,0.0,4.0,0.0,0.0,0.0
China Carbon N.V.,9.787333553333331,15,Financials (Special),Asset Management,privateglobal,0.5333333333333333,Asia & Pacific,China,0.13333333333333333,United K. ,22.713333213333332,East Asia,7.8,79.03333366666668,701.6,1084.4,0.0,15.0,0.0,0.0,0.0,1.0,0.0,0.0,0.0,0.0,0.0,15.0,0.0,0.0,0.0,0.0,15.0,0.0,0.0,0.0
Citigroup,12.471428571428572,7,Financials,Institutional Financial Svcs,privateglobal,0.0,Asia & Pacific,China,0.0,United K. ,126.04285685714287,East Asia,7.0,224.3,2093.4285714285716,4337.714285714285,0.0,7.0,0.0,0.0,0.0,1.0,0.0,0.0,0.0,0.0,0.0,7.0,0.0,0.0,0.0,0.0,7.0,0.0,0.0,0.0
Cleantec Development PCC,9.4700003,1,Business consulting and others,Environmental Services,privateglobal,0.0,Asia & Pacific,Myanmar,0.0,Netherlands ,192.0,Southeast Asia,7.0,709.40002,5611.0,12708.0,0.0,1.0,0.0,0.0,0.0,1.0,0.0,0.0,0.0,0.0,0.0,1.0,0.0,0.0,0.0,0.0,1.0,0.0,0.0,0.0
Climate Bridge,11.023066742666675,75,Industrials,Waste & Environ Svcs & Equip,privateglobal,0.5333333333333333,Asia & Pacific,South Korea,0.0,United K. ,27.665332858666662,East Asia,7.32,77.44666662666667,651.0,1233.3333333333333,0.0,75.0,0.0,0.0,0.0,1.0,0.0,0.0,0.0,0.0,0.0,75.0,0.0,0.0,0.0,0.0,75.0,0.0,0.0,0.0
Climate Cent Foundation,12.14,2,Foundation,0,Foundation,1.0,Asia & Pacific,China,0.0,Switzerland ,5.04999995,East Asia,7.0,31.5999995,319.5,635.5,0.0,2.0,0.0,0.0,0.0,1.0,0.0,0.0,0.0,0.0,0.0,2.0,0.0,0.0,0.0,0.0,2.0,0.0,0.0,0.0
Climate Change Capital,11.520625081249998,16,Financials,Asset Management,privatelocal,0.125,Europe & Central Asia,Macedonia,0.0,United K. ,73.11249865625,Southern Asia,8.5,265.5312526875,2505.125,3945.0625,0.0,15.0,1.0,0.0,0.0,0.9375,0.0,0.0,0.0,0.0625,0.0,15.0,1.0,0.0,0.0,0.0,15.0,1.0,0.0,0.0
Climate Change Investment I S.A. SICAR,9.4700003,3,Financials,Asset Management,privatelocal,0.3333333333333333,Asia & Pacific,China,0.0,United K. ,14.6666673,East Asia,9.0,65.366666,613.3333333333334,1029.3333333333333,0.0,3.0,0.0,0.0,0.0,1.0,0.0,0.0,0.0,0.0,0.0,3.0,0.0,0.0,0.0,0.0,3.0,0.0,0.0,0.0
Climate Change Investment II S.A. SICAR,9.4700003,1,Financials,Asset Management,privatelocal,0.0,Asia & Pacific,China,0.0,Luxembourg ,18.6,East Asia,7.0,68.900002,657.0,1346.0,0.0,1.0,0.0,0.0,0.0,1.0,0.0,0.0,0.0,0.0,0.0,1.0,0.0,0.0,0.0,0.0,1.0,0.0,0.0,0.0
Climate Corporation Emissions Trading,11.491500125,20,Financials,Institutional Financial Svcs,privatelocal,0.9,Asia & Pacific,China,0.0,United K. ,24.660000504999996,East Asia,7.0,53.25000095,491.65,1024.35,0.0,20.0,0.0,0.0,0.0,1.0,0.0,0.0,0.0,0.0,0.0,20.0,0.0,0.0,0.0,0.0,20.0,0.0,0.0,0.0
Climate Protection Finance,9.4700003,1,Financials,financial institutions,privatelocal,1.0,Asia & Pacific,China,0.0,Switzerland ,29.5,East Asia,7.0,42.700001,345.0,772.0,0.0,1.0,0.0,0.0,0.0,1.0,0.0,0.0,0.0,0.0,0.0,1.0,0.0,0.0,0.0,0.0,1.0,0.0,0.0,0.0
Climate Protection Invest,9.804285971428572,14,Financials,financial institutions,privatelocal,1.0,Asia & Pacific,China,0.0,Switzerland ,12.247714128571427,East Asia,7.428571428571429,23.149999957142857,202.0,379.2857142857143,0.0,14.0,0.0,0.0,0.0,1.0,0.0,0.0,0.0,0.0,0.0,14.0,0.0,0.0,0.0,0.0,14.0,0.0,0.0,0.0
ConocoPhillips+Climate Bridge,12.44,1,Energy,"Oil, Gas & Coal",privateglobal,0.0,Asia & Pacific,China,0.0,United K. ,61.099998,East Asia,7.0,101.3,882.0,1896.0,0.0,1.0,0.0,0.0,0.0,1.0,0.0,0.0,0.0,0.0,0.0,1.0,0.0,0.0,0.0,0.0,1.0,0.0,0.0,0.0
Consus Energy,10.66,1,Financials,Specialty Finance,privatelocal,0.0,Asia & Pacific,China,0.0,Switzerland ,22.799999,East Asia,7.0,67.400002,539.0,1214.0,0.0,1.0,0.0,0.0,0.0,1.0,0.0,0.0,0.0,0.0,0.0,1.0,0.0,0.0,0.0,0.0,1.0,0.0,0.0,0.0
Converging World,15.12,1,Foundation,0,Foundation,1.0,Asia & Pacific,India,1.0,United K. ,4.0,Southern Asia,7.0,7.8000002,76.0,154.0,0.0,1.0,0.0,0.0,0.0,1.0,0.0,0.0,0.0,0.0,0.0,1.0,0.0,0.0,0.0,0.0,1.0,0.0,0.0,0.0
Credit Suisse,12.616000060000001,15,Financials,Institutional Financial Svcs,privateglobal,0.0,Asia & Pacific,China,0.0,United K. ,62.76666626666667,East Asia,7.0,168.02666813333332,1686.0,3364.133333333333,0.0,15.0,0.0,0.0,0.0,1.0,0.0,0.0,0.0,0.0,0.0,15.0,0.0,0.0,0.0,0.0,15.0,0.0,0.0,0.0
DASCO Partners,14.21,1,Business consulting and others,Environmental Services,privateglobal,0.0,Asia & Pacific,China,0.0,United K. ,66.699997,East Asia,7.0,115.1,1098.0,2059.0,0.0,1.0,0.0,0.0,0.0,1.0,0.0,0.0,0.0,0.0,0.0,1.0,0.0,0.0,0.0,0.0,1.0,0.0,0.0,0.0
DS Energy,11.380000099999998,9,Financials (Special),Specialty Finance,privatelocal,0.2222222222222222,Asia & Pacific,China,0.0,United K. ,36.91111073333333,East Asia,7.0,85.366668,676.4444444444445,1530.5555555555557,0.0,9.0,0.0,0.0,0.0,1.0,0.0,0.0,0.0,0.0,0.0,9.0,0.0,0.0,0.0,0.0,9.0,0.0,0.0,0.0
Daewoo International,10.3,2,Financials,Asset Management,privateglobal,0.0,Asia & Pacific,China,0.0,Germany ,62.1000005,East Asia,7.0,219.950005,2161.0,4362.5,0.0,2.0,0.0,0.0,0.0,1.0,0.0,0.0,0.0,0.0,0.0,2.0,0.0,0.0,0.0,0.0,2.0,0.0,0.0,0.0
Daichu Corporation,14.21,1,Consumer Discretionary,Distributor/Wholesaler,privatelocal,0.0,Asia & Pacific,China,0.0,Japan ,56.700001,East Asia,7.0,134.10001,1342.0,2684.0,0.0,1.0,0.0,0.0,0.0,1.0,0.0,0.0,0.0,0.0,0.0,1.0,0.0,0.0,0.0,0.0,1.0,0.0,0.0,0.0
Daiwa securities SMBC,11.84,1,Financials,Asset Management,privateglobal,1.0,Asia & Pacific,China,0.0,Japan ,7.900000099999999,East Asia,10.0,37.200001,330.0,372.0,0.0,1.0,0.0,0.0,0.0,1.0,0.0,0.0,0.0,0.0,0.0,1.0,0.0,0.0,0.0,0.0,1.0,0.0,0.0,0.0
Danish Ministry of Climate & Energy,10.60350004,20,Government,Government Agencies,Government,0.45,Asia & Pacific,Thailand,0.1,Denmark ,19.724749928999998,Southern Asia,8.2,63.14500005499999,612.1,1098.2,0.0,20.0,0.0,0.0,0.0,1.0,0.0,0.0,0.0,0.0,0.0,20.0,0.0,0.0,0.0,0.0,20.0,0.0,0.0,0.0
Deutsche Bank,12.043913060869567,23,Financials,Banking,privateglobal,0.0,Latin America,Nicaragua,0.0,United K. ,113.2652174347826,East Asia,7.0,282.8260863478261,2561.782608695652,5371.695652173913,0.0,22.0,0.0,1.0,0.0,0.9565217391304348,0.043478260869565216,0.0,0.0,0.0,0.0,22.0,0.0,1.0,0.0,0.0,22.0,0.0,1.0,0.0
Dexia Carbon Capital,11.545,2,Financials,financial institutions,privatelocal,0.5,Asia & Pacific,China,0.0,United K. ,21.599999,East Asia,7.0,51.149998499999995,501.5,1013.0,0.0,2.0,0.0,0.0,0.0,1.0,0.0,0.0,0.0,0.0,0.0,2.0,0.0,0.0,0.0,0.0,2.0,0.0,0.0,0.0
Doxen Energy,11.15600006,5,Financials,financial institutions,privatelocal,0.2,Asia & Pacific,China,0.0,Switzerland ,27.279999399999998,East Asia,7.0,86.359999,705.4,1569.6,0.0,5.0,0.0,0.0,0.0,1.0,0.0,0.0,0.0,0.0,0.0,5.0,0.0,0.0,0.0,0.0,5.0,0.0,0.0,0.0
E.ON Climate & Renewables GmbH,10.3,2,Energy,Renewable Energy,privatelocal,0.0,Asia & Pacific,China,0.0,Netherlands ,7.29999995,East Asia,8.5,178.25,1752.5,2737.0,0.0,2.0,0.0,0.0,0.0,1.0,0.0,0.0,0.0,0.0,0.0,2.0,0.0,0.0,0.0,0.0,2.0,0.0,0.0,0.0
EDF Trading,12.333793109195422,87,Utilities,Utilities,privateglobal,0.16091954022988506,Middle-East,Vietnam,0.034482758620689655,United K. ,52.78563209310344,Southeast Asia,7.126436781609195,87.31034474712645,764.7701149425287,1599.183908045977,0.0,82.0,0.0,0.0,5.0,0.9425287356321839,0.0,0.0,0.05747126436781609,0.0,0.0,82.0,0.0,0.0,5.0,0.0,82.0,0.0,0.0,5.0
EDP - Energias de Portugal S.A. ,7.0,2,Financials,Banking,privateglobal,1.0,Asia & Pacific,Nepal,1.0,Netherlands ,25.299999,Southern Asia,7.0,46.950001,561.0,692.0,0.0,2.0,0.0,0.0,0.0,1.0,0.0,0.0,0.0,0.0,0.0,2.0,0.0,0.0,0.0,0.0,2.0,0.0,0.0,0.0
ENEL,9.844375178124999,32,Utilities,Utilities,privateglobal,0.3125,Asia & Pacific,China,0.0,Netherlands ,54.196875487187505,East Asia,7.28125,221.77812417500002,2351.375,3570.1875,0.0,32.0,0.0,0.0,0.0,1.0,0.0,0.0,0.0,0.0,0.0,32.0,0.0,0.0,0.0,0.0,32.0,0.0,0.0,0.0
ESBI,14.21,1,Business consulting and others,Environmental Services,privatelocal,1.0,Asia & Pacific,Malaysia,0.0,Ireland ,20.200001,Southeast Asia,10.0,47.099998,377.0,471.0,0.0,1.0,0.0,0.0,0.0,1.0,0.0,0.0,0.0,0.0,0.0,1.0,0.0,0.0,0.0,0.0,1.0,0.0,0.0,0.0
Eco Asset,10.109091022727272,22,Industrials,Waste & Environ Svcs & Equip,privatelocal,0.5,Asia & Pacific,China,0.045454545454545456,Japan ,42.330908763636366,East Asia,7.2727272727272725,144.53182018181818,1351.409090909091,2769.7272727272725,0.0,22.0,0.0,0.0,0.0,1.0,0.0,0.0,0.0,0.0,0.0,22.0,0.0,0.0,0.0,0.0,22.0,0.0,0.0,0.0
Eco-Tec Asia UK,12.466923076923077,13,Financials (Special),Specialty Finance,privateglobal,0.0,Asia & Pacific,China,0.0,United K. ,51.8692310076923,East Asia,9.076923076923077,99.83076807692308,856.0,1311.2307692307693,0.0,13.0,0.0,0.0,0.0,1.0,0.0,0.0,0.0,0.0,0.0,13.0,0.0,0.0,0.0,0.0,13.0,0.0,0.0,0.0
EcoFrontier,10.420000120000001,5,Business consulting and others,Environmental Services,privatelocal,0.6,Asia & Pacific,China,0.0,United K. ,16.53999996,East Asia,7.6,66.42,553.4,1170.4,0.0,5.0,0.0,0.0,0.0,1.0,0.0,0.0,0.0,0.0,0.0,5.0,0.0,0.0,0.0,0.0,5.0,0.0,0.0,0.0
EcoSecurities,13.74486410735295,68,Industrials,Waste & Environ Svcs & Equip,privateglobal,0.3382352941176471,Latin America,South Africa,0.0,United K. ,37.3104477522388,Southern Africa,7.352941176470588,120.78823548529414,1218.0441176470588,2303.0882352941176,1.0,64.0,0.0,3.0,0.0,0.9411764705882353,0.04411764705882353,0.014705882352941176,0.0,0.0,1.0,64.0,0.0,3.0,0.0,1.0,64.0,0.0,3.0,0.0
Ecoinvest Carbon SA,17.77,1,Business consulting and others,Environmental Services,privateglobal,1.0,Asia & Pacific,India,0.0,Switzerland ,8.1000004,Southern Asia,10.0,14.8,141.0,148.0,0.0,1.0,0.0,0.0,0.0,1.0,0.0,0.0,0.0,0.0,0.0,1.0,0.0,0.0,0.0,0.0,1.0,0.0,0.0,0.0
Ecolutions,10.66,1,Business consulting and others,Environmental Services,privatelocal,1.0,Asia & Pacific,China,0.0,United K. ,7.3000002,East Asia,7.0,20.9,200.0,410.0,0.0,1.0,0.0,0.0,0.0,1.0,0.0,0.0,0.0,0.0,0.0,1.0,0.0,0.0,0.0,0.0,1.0,0.0,0.0,0.0
Ecosecurities,14.158300266666666,6,Industrials,Waste & Environ Svcs & Equip,privateglobal,0.16666666666666666,Latin America,China,0.0,United K. ,91.65000150000002,South America,7.5,383.58333383333337,3747.5,7457.833333333333,0.0,5.0,0.0,1.0,0.0,0.8333333333333334,0.16666666666666666,0.0,0.0,0.0,0.0,5.0,0.0,1.0,0.0,0.0,5.0,0.0,1.0,0.0
Ecotawa,22.8616665,6,Business consulting and others,Environmental Services,privateglobal,0.6666666666666666,Asia & Pacific,Vietnam,0.3333333333333333,Switzerland ,57.31666633333333,Southeast Asia,7.5,107.54999996666665,807.8333333333334,1857.0,0.0,6.0,0.0,0.0,0.0,1.0,0.0,0.0,0.0,0.0,0.0,6.0,0.0,0.0,0.0,0.0,6.0,0.0,0.0,0.0
Edison,9.23700012,10,Industrials,Industrial Services,privatelocal,0.7,Asia & Pacific,China,0.0,Italy ,9.519999989999999,East Asia,7.3,37.9299999,365.8,700.0,0.0,10.0,0.0,0.0,0.0,1.0,0.0,0.0,0.0,0.0,0.0,10.0,0.0,0.0,0.0,0.0,10.0,0.0,0.0,0.0
Electrabel,12.918571428571427,14,Utilities,Utilities,privateglobal,0.07142857142857142,Asia & Pacific,Thailand,0.0,Netherlands ,79.28571327857141,Southeast Asia,7.214285714285714,127.91428592857142,1213.0714285714287,2477.6428571428573,0.0,14.0,0.0,0.0,0.0,1.0,0.0,0.0,0.0,0.0,0.0,14.0,0.0,0.0,0.0,0.0,14.0,0.0,0.0,0.0
Electrade,9.944000240000001,5,Utilities,Utilities,privateglobal,0.4,Asia & Pacific,China,0.0,Netherlands ,25.999999359999997,East Asia,7.6,42.9600002,347.2,684.0,0.0,5.0,0.0,0.0,0.0,1.0,0.0,0.0,0.0,0.0,0.0,5.0,0.0,0.0,0.0,0.0,5.0,0.0,0.0,0.0
"Electric Power Development Co., Ltd.",11.39,1,Utilities,Utilities,privatelocal,1.0,Asia & Pacific,China,0.0,Japan ,10.9,East Asia,7.0,36.799999,351.0,719.0,0.0,1.0,0.0,0.0,0.0,1.0,0.0,0.0,0.0,0.0,0.0,1.0,0.0,0.0,0.0,0.0,1.0,0.0,0.0,0.0
Emissionshandels Gesellschaft Bavaria,12.514,5,Financials (Special),Specialty Finance,privatelocal,0.0,Asia & Pacific,China,0.0,Germany ,45.314000799999995,East Asia,7.0,130.0400004,1131.6,2432.6,0.0,5.0,0.0,0.0,0.0,1.0,0.0,0.0,0.0,0.0,0.0,5.0,0.0,0.0,0.0,0.0,5.0,0.0,0.0,0.0
EnBW,9.025714385714286,7,Utilities,Utilities,privatelocal,0.42857142857142855,Latin America,Thailand,0.0,Germany ,24.628571285714283,Southeast Asia,7.857142857142857,69.471428,510.57142857142856,1036.0,0.0,3.0,0.0,4.0,0.0,0.42857142857142855,0.5714285714285714,0.0,0.0,0.0,0.0,3.0,0.0,4.0,0.0,0.0,3.0,0.0,4.0,0.0
Endesa Carbono S.L.,15.0,1,Business consulting and others,Environmental Services,privatelocal,0.0,Latin America,Peru,0.0,United K. ,6.0999999,South America,7.0,10.3,69.0,172.0,0.0,0.0,0.0,1.0,0.0,0.0,1.0,0.0,0.0,0.0,0.0,0.0,0.0,1.0,0.0,0.0,0.0,0.0,1.0,0.0
Endesa Generacion S.A.,11.00200006,5,Utilities,Utilities,privateglobal,0.2,Asia & Pacific,China,0.0,United K. ,121.93999840000001,East Asia,7.0,258.9000002,2585.6,5144.4,0.0,5.0,0.0,0.0,0.0,1.0,0.0,0.0,0.0,0.0,0.0,5.0,0.0,0.0,0.0,0.0,5.0,0.0,0.0,0.0
Eneco Energy,10.458333483333334,6,Utilities,Utilities,privatelocal,0.8333333333333334,Asia & Pacific,Vietnam,0.0,United K. ,13.433333466666667,Southeast Asia,7.5,18.683333333333334,172.5,329.0,0.0,6.0,0.0,0.0,0.0,1.0,0.0,0.0,0.0,0.0,0.0,6.0,0.0,0.0,0.0,0.0,6.0,0.0,0.0,0.0
EnergiMidt Handel,11.84,1,Utilities,Utilities,privatelocal,1.0,Asia & Pacific,Malaysia,0.0,United K. ,2.2,Southeast Asia,7.0,53.400002,514.0,1048.0,0.0,1.0,0.0,0.0,0.0,1.0,0.0,0.0,0.0,0.0,0.0,1.0,0.0,0.0,0.0,0.0,1.0,0.0,0.0,0.0
Energy Initiative Japan,10.06500015,4,Industrials,Waste & Environ Svcs & Equip,privatelocal,0.5,Asia & Pacific,China,0.0,Japan ,12.2749994,East Asia,8.5,73.37500025,704.0,1086.75,0.0,4.0,0.0,0.0,0.0,1.0,0.0,0.0,0.0,0.0,0.0,4.0,0.0,0.0,0.0,0.0,4.0,0.0,0.0,0.0
Energy Systems International,11.207000120000002,20,Utilities,Utilities,privateglobal,0.15,Asia & Pacific,China,0.0,Netherlands ,72.20699980000002,East Asia,7.6,163.33500329999998,1829.75,2962.2,0.0,20.0,0.0,0.0,0.0,1.0,0.0,0.0,0.0,0.0,0.0,20.0,0.0,0.0,0.0,0.0,20.0,0.0,0.0,0.0
Equity Environmental Assets Ireland,10.414545590909087,11,Financials (Special),financial institutions,privatelocal,0.6363636363636364,Asia & Pacific,China,0.0,United K. ,19.218181627272724,East Asia,7.2727272727272725,55.67272727272727,526.9090909090909,1050.8181818181818,0.0,11.0,0.0,0.0,0.0,1.0,0.0,0.0,0.0,0.0,0.0,11.0,0.0,0.0,0.0,0.0,11.0,0.0,0.0,0.0
Essent Energy Trading,9.4700003,3,Business consulting and others,Environmental Services,privatelocal,1.0,Asia & Pacific,China,0.0,Netherlands ,5.933333333333334,East Asia,7.0,26.466667333333334,274.0,538.3333333333334,0.0,3.0,0.0,0.0,0.0,1.0,0.0,0.0,0.0,0.0,0.0,3.0,0.0,0.0,0.0,0.0,3.0,0.0,0.0,0.0
European Carbon Capital,9.4700003,7,Financials (Special),Specialty Finance,privatelocal,0.8571428571428571,Asia & Pacific,China,0.0,United K. ,26.571428157142858,East Asia,7.0,37.400000142857145,295.7142857142857,670.1428571428571,0.0,7.0,0.0,0.0,0.0,1.0,0.0,0.0,0.0,0.0,0.0,7.0,0.0,0.0,0.0,0.0,7.0,0.0,0.0,0.0
European Carbon Fund,13.816666666666668,3,Financials,financial institutions,privateglobal,0.0,Asia & Pacific,Egypt,0.0,United K. ,63.63333366666668,North Africa,7.0,103.86666366666667,910.3333333333334,1949.6666666666667,1.0,2.0,0.0,0.0,0.0,0.6666666666666666,0.0,0.3333333333333333,0.0,0.0,1.0,2.0,0.0,0.0,0.0,1.0,2.0,0.0,0.0,0.0
Eurus Energy Holdings,11.84,1,Energy,Renewable Energy,privatelocal,0.0,Asia & Pacific,South Korea,0.0,Japan ,72.900002,East Asia,10.0,59.700001,597.0,597.0,0.0,1.0,0.0,0.0,0.0,1.0,0.0,0.0,0.0,0.0,0.0,1.0,0.0,0.0,0.0,0.0,1.0,0.0,0.0,0.0
FC2E,10.568750112499998,8,Business consulting and others,Environmental Services,privatelocal,0.25,Asia & Pacific,China,0.0,United K. ,25.93750035,East Asia,8.875,181.71249962500002,1442.875,2387.375,0.0,8.0,0.0,0.0,0.0,1.0,0.0,0.0,0.0,0.0,0.0,8.0,0.0,0.0,0.0,0.0,8.0,0.0,0.0,0.0
First Climate AG,10.183750125000003,8,Financials,Asset Management,privateglobal,0.75,Latin America,Pakistan,0.0,United K. ,12.3500003875,Southern Asia,9.625,45.387500125,412.5,472.25,0.0,7.0,0.0,1.0,0.0,0.875,0.125,0.0,0.0,0.0,0.0,7.0,0.0,1.0,0.0,0.0,7.0,0.0,1.0,0.0
Fortis Bank,12.55400006,5,Financials,Banking,privatelocal,0.0,Asia & Pacific,China,0.0,Netherlands ,79.1799994,East Asia,7.0,127.23999880000001,1281.8,2555.0,0.0,5.0,0.0,0.0,0.0,1.0,0.0,0.0,0.0,0.0,0.0,5.0,0.0,0.0,0.0,0.0,5.0,0.0,0.0,0.0
GETEC Climate Projects,10.066666766666666,3,Business consulting and others,Environmental Services,privatelocal,0.6666666666666666,Asia & Pacific,China,0.0,Germany ,14.133333733333332,East Asia,7.0,54.800000000000004,482.3333333333333,1030.3333333333333,0.0,3.0,0.0,0.0,0.0,1.0,0.0,0.0,0.0,0.0,0.0,3.0,0.0,0.0,0.0,0.0,3.0,0.0,0.0,0.0
Gaisi Peony Capital,10.07,1,Financials (Special),Specialty Finance,privateglobal,0.0,Asia & Pacific,China,0.0,United K. ,322.70001,East Asia,7.0,1044.3,8790.0,13127.0,0.0,1.0,0.0,0.0,0.0,1.0,0.0,0.0,0.0,0.0,0.0,1.0,0.0,0.0,0.0,0.0,1.0,0.0,0.0,0.0
Gazprom Marketing & Trading,11.52393941212121,33,Utilities,Utilities,privateglobal,0.18181818181818182,Asia & Pacific,Malaysia,0.0,United K. ,67.24545476666665,Southeast Asia,7.454545454545454,114.41818263636362,943.939393939394,2033.8484848484848,0.0,33.0,0.0,0.0,0.0,1.0,0.0,0.0,0.0,0.0,0.0,33.0,0.0,0.0,0.0,0.0,33.0,0.0,0.0,0.0
GenPower Carbon Solutions,10.853333433333333,3,Business consulting and others,Environmental Services,privateglobal,0.0,Asia & Pacific,Malaysia,0.0,United K. ,10.666666533333332,Southeast Asia,7.0,253.30000000000004,2064.6666666666665,4598.666666666667,0.0,3.0,0.0,0.0,0.0,1.0,0.0,0.0,0.0,0.0,0.0,3.0,0.0,0.0,0.0,0.0,3.0,0.0,0.0,0.0
General Energy Capital,12.290000037499999,8,Business consulting and others,Environmental Services,privatelocal,0.125,Asia & Pacific,China,0.0,United K. ,49.33749935,East Asia,7.0,69.975000375,591.375,1291.375,0.0,8.0,0.0,0.0,0.0,1.0,0.0,0.0,0.0,0.0,0.0,8.0,0.0,0.0,0.0,0.0,8.0,0.0,0.0,0.0
Goldman Sachs,11.866,5,Financials,Banking,privateglobal,0.0,Asia & Pacific,China,0.0,United K. ,54.2800012,East Asia,7.0,107.30000060000002,928.4,2001.8,0.0,5.0,0.0,0.0,0.0,1.0,0.0,0.0,0.0,0.0,0.0,5.0,0.0,0.0,0.0,0.0,5.0,0.0,0.0,0.0
Government of Netherlands,7.309999900000001,1,Government,Government Agencies,Government,0.0,Latin America,Colombia,0.0,Netherlands ,126.0,South America,7.0,176.60001,1503.0,3270.0,0.0,0.0,0.0,1.0,0.0,0.0,1.0,0.0,0.0,0.0,0.0,0.0,0.0,1.0,0.0,0.0,0.0,0.0,1.0,0.0
Government of Spain,12.44,2,Government,Government Agencies,Government,0.0,Asia & Pacific,China,0.0,Spain ,63.5,East Asia,7.0,105.7,1050.5,2108.5,0.0,2.0,0.0,0.0,0.0,1.0,0.0,0.0,0.0,0.0,0.0,2.0,0.0,0.0,0.0,0.0,2.0,0.0,0.0,0.0
Government of Sweden,12.434999999999999,2,Government,Government Agencies,Government,0.0,Asia & Pacific,China,0.0,Sweden ,107.0,East Asia,7.0,66.55,702.0,1263.5,0.0,2.0,0.0,0.0,0.0,1.0,0.0,0.0,0.0,0.0,0.0,2.0,0.0,0.0,0.0,0.0,2.0,0.0,0.0,0.0
Government of Sweden+Asian Development Bank,11.463333383333335,6,Government,Government Agencies,Government,0.8333333333333334,Asia & Pacific,Thailand,0.16666666666666666,Sweden ,8.486666533333333,Southeast Asia,8.5,32.95000018333334,312.1666666666667,447.0,0.0,6.0,0.0,0.0,0.0,1.0,0.0,0.0,0.0,0.0,0.0,6.0,0.0,0.0,0.0,0.0,6.0,0.0,0.0,0.0
Green Hercules Trading,10.002307753846155,13,Consumer Discretionary,Distributors - Discretionary,privatelocal,0.46153846153846156,Asia & Pacific,China,0.0,United K. ,33.94615464615385,East Asia,7.461538461538462,113.8692320769231,1143.4615384615386,2171.923076923077,0.0,13.0,0.0,0.0,0.0,1.0,0.0,0.0,0.0,0.0,0.0,13.0,0.0,0.0,0.0,0.0,13.0,0.0,0.0,0.0
GreenStream Network,11.835882479411762,34,Financials,Asset Management,privateglobal,0.08823529411764706,Asia & Pacific,China,0.0,Finland ,47.98529382647058,East Asia,7.794117647058823,101.20588255882352,840.5882352941177,1597.3235294117646,0.0,34.0,0.0,0.0,0.0,1.0,0.0,0.0,0.0,0.0,0.0,34.0,0.0,0.0,0.0,0.0,34.0,0.0,0.0,0.0
Greenscot,9.496285808571425,35,Financials,financial institutions,privateglobal,0.17142857142857143,Asia & Pacific,China,0.0,United K. ,85.89428540000002,East Asia,7.0,212.62571454285714,1610.057142857143,3737.457142857143,0.0,35.0,0.0,0.0,0.0,1.0,0.0,0.0,0.0,0.0,0.0,35.0,0.0,0.0,0.0,0.0,35.0,0.0,0.0,0.0
Grey K Environmental,12.365714457142857,7,Financials (Special),Specialty Finance,privatelocal,0.42857142857142855,Asia & Pacific,Vietnam,0.0,United K. ,22.92857115714286,Southeast Asia,7.0,65.64285585714285,547.1428571428571,1203.7142857142858,0.0,7.0,0.0,0.0,0.0,1.0,0.0,0.0,0.0,0.0,0.0,7.0,0.0,0.0,0.0,0.0,7.0,0.0,0.0,0.0
GrÃ¼tter Consulting AG,13.026666766666667,3,Business consulting and others,Environmental Services,privatelocal,0.3333333333333333,Latin America,India,1.0,Switzerland ,825.6333333333333,Southern Asia,7.0,250.333333,2392.3333333333335,4897.333333333333,0.0,2.0,0.0,1.0,0.0,0.6666666666666666,0.3333333333333333,0.0,0.0,0.0,0.0,2.0,0.0,1.0,0.0,0.0,2.0,0.0,1.0,0.0
Gujarat Fluorochemicals,24.870001000000002,1,Materials,Chemicals,privatelocal,0.0,Asia & Pacific,India,1.0,Switzerland ,14.1,Southern Asia,7.0,17.799999,142.0,320.0,0.0,1.0,0.0,0.0,0.0,1.0,0.0,0.0,0.0,0.0,0.0,1.0,0.0,0.0,0.0,0.0,1.0,0.0,0.0,0.0
Gunvor International,11.38500005833333,12,Consumer Discretionary,Distributors - Discretionary,privateglobal,0.25,Asia & Pacific,China,0.16666666666666666,Switzerland ,47.48333334166667,East Asia,7.5,95.10833391666667,829.5,1578.6666666666667,0.0,12.0,0.0,0.0,0.0,1.0,0.0,0.0,0.0,0.0,0.0,12.0,0.0,0.0,0.0,0.0,12.0,0.0,0.0,0.0
Hanwha,9.4700003,2,Utilities,Utilities,privateglobal,1.0,Asia & Pacific,India,0.0,Germany ,5.25,Southern Asia,10.0,34.5,329.5,345.0,0.0,2.0,0.0,0.0,0.0,1.0,0.0,0.0,0.0,0.0,0.0,2.0,0.0,0.0,0.0,0.0,2.0,0.0,0.0,0.0
Hokkaido Electric,11.84,1,Utilities,Utilities,privatelocal,1.0,Asia & Pacific,Vietnam,0.0,Japan ,5.8000002,Southeast Asia,7.0,10.4,85.0,189.0,0.0,1.0,0.0,0.0,0.0,1.0,0.0,0.0,0.0,0.0,0.0,1.0,0.0,0.0,0.0,0.0,1.0,0.0,0.0,0.0
Holcim,10.954999999999998,4,Business consulting and others,Environmental Services,privateglobal,0.5,Asia & Pacific,China,0.0,Belgium ,10.349999925,East Asia,10.0,79.77500049999999,797.75,797.75,0.0,4.0,0.0,0.0,0.0,1.0,0.0,0.0,0.0,0.0,0.0,4.0,0.0,0.0,0.0,0.0,4.0,0.0,0.0,0.0
ICECAP,9.770000150000001,2,Financials (Special),Specialty Finance,privatelocal,0.5,Asia & Pacific,China,0.0,United K. ,46.7600006,East Asia,7.0,264.2999955,2582.0,5142.0,0.0,2.0,0.0,0.0,0.0,1.0,0.0,0.0,0.0,0.0,0.0,2.0,0.0,0.0,0.0,0.0,2.0,0.0,0.0,0.0
ING Bank,9.4700003,1,Financials,Banking,privateglobal,1.0,Asia & Pacific,China,0.0,Netherlands ,10.0,East Asia,7.0,40.0,383.0,784.0,0.0,1.0,0.0,0.0,0.0,1.0,0.0,0.0,0.0,0.0,0.0,1.0,0.0,0.0,0.0,0.0,1.0,0.0,0.0,0.0
ITOCHU Corporation,10.656000180000001,5,Consumer Staples,Distributors - Consumer Staples,privateglobal,1.0,Asia & Pacific,Vietnam,0.0,Japan ,11.05999988,Southeast Asia,7.0,30.0800004,287.6,588.8,0.0,5.0,0.0,0.0,0.0,1.0,0.0,0.0,0.0,0.0,0.0,5.0,0.0,0.0,0.0,0.0,5.0,0.0,0.0,0.0
Innovative Carbon Investment,10.66,1,Business consulting and others,Environmental Services,privatelocal,0.0,Asia & Pacific,China,0.0,United K. ,6.0999999,East Asia,10.0,105.7,925.0,1057.0,0.0,1.0,0.0,0.0,0.0,1.0,0.0,0.0,0.0,0.0,0.0,1.0,0.0,0.0,0.0,0.0,1.0,0.0,0.0,0.0
International Clean Fund,10.07,3,Financials (Special),Specialty Finance,privateglobal,0.0,Asia & Pacific,China,0.0,Switzerland ,6.799999933333333,East Asia,10.0,130.43333333333334,1047.6666666666667,1304.3333333333333,0.0,3.0,0.0,0.0,0.0,1.0,0.0,0.0,0.0,0.0,0.0,3.0,0.0,0.0,0.0,0.0,3.0,0.0,0.0,0.0
J-Power,10.397142900000002,7,Industrials,Electrical Equipment,privateglobal,0.42857142857142855,Asia & Pacific,China,0.0,Japan ,16.257142597142856,East Asia,8.285714285714286,77.98571271428571,788.8571428571429,1289.2857142857142,0.0,7.0,0.0,0.0,0.0,1.0,0.0,0.0,0.0,0.0,0.0,7.0,0.0,0.0,0.0,0.0,7.0,0.0,0.0,0.0
J-TEC,14.078333333333333,6,Industrials,Medical Equipment & Supply Wholesalers Industry,privateglobal,0.5,Asia & Pacific,China,0.0,Japan ,74.61666679666668,East Asia,7.5,142.29999706666666,1081.1666666666667,2463.3333333333335,0.0,6.0,0.0,0.0,0.0,1.0,0.0,0.0,0.0,0.0,0.0,6.0,0.0,0.0,0.0,0.0,6.0,0.0,0.0,0.0
JP Morgan,10.593333333333334,3,Financials,Institutional Financial Svcs,privateglobal,0.3333333333333333,Asia & Pacific,Kenya,0.0,United K. ,81.33333426666667,East Asia,7.0,161.066663,1544.0,3155.6666666666665,1.0,2.0,0.0,0.0,0.0,0.6666666666666666,0.0,0.3333333333333333,0.0,0.0,1.0,2.0,0.0,0.0,0.0,1.0,2.0,0.0,0.0,0.0
Japan Carbon Finance,11.8600001,3,Financials,Asset Management,privatelocal,0.3333333333333333,Asia & Pacific,Vietnam,0.0,Japan ,22.06666633333333,Southeast Asia,7.0,71.50000033333333,678.6666666666666,1394.0,0.0,3.0,0.0,0.0,0.0,1.0,0.0,0.0,0.0,0.0,0.0,3.0,0.0,0.0,0.0,0.0,3.0,0.0,0.0,0.0
KP&P Africa B.V.,16.66,1,Financials (Special),Specialty Finance,privateglobal,0.0,Africa,Kenya,1.0,Netherlands ,537.7999900000001,East Africa,7.0,736.59998,5612.0,12983.0,1.0,0.0,0.0,0.0,0.0,0.0,0.0,1.0,0.0,0.0,1.0,0.0,0.0,0.0,0.0,1.0,0.0,0.0,0.0,0.0
Kansai Electric,13.140000333333333,3,Utilities,Utilities,privatelocal,0.3333333333333333,Asia & Pacific,Vietnam,0.0,Japan ,42.7333337,Southeast Asia,7.0,91.166669,909.6666666666666,1821.6666666666667,0.0,3.0,0.0,0.0,0.0,1.0,0.0,0.0,0.0,0.0,0.0,3.0,0.0,0.0,0.0,0.0,3.0,0.0,0.0,0.0
KfW,12.577000029999999,10,Government,Government Development Banks,Government,0.2,Latin America,India,0.0,Germany ,48.480000700000005,Southern Asia,7.3,98.5400002,1010.7,1939.4,0.0,9.0,0.0,1.0,0.0,0.9,0.1,0.0,0.0,0.0,0.0,9.0,0.0,1.0,0.0,0.0,9.0,0.0,1.0,0.0
Kingdom of Belgium,10.9575,4,Government,Government Development Banks,Government,0.25,Asia & Pacific,China,0.0,Belgium ,39.40000055,East Asia,7.0,56.200000249999995,468.0,1030.0,0.0,4.0,0.0,0.0,0.0,1.0,0.0,0.0,0.0,0.0,0.0,4.0,0.0,0.0,0.0,0.0,4.0,0.0,0.0,0.0
Kommunalkredit,11.86928572142857,28,Financials,Banking,privateglobal,0.10714285714285714,Europe & Central Asia,Moldova,0.10714285714285714,Austria ,69.29642839285712,Europe,7.428571428571429,104.64999992857145,983.8928571428571,1994.857142857143,1.0,24.0,3.0,0.0,0.0,0.8571428571428571,0.0,0.03571428571428571,0.0,0.10714285714285714,1.0,24.0,3.0,0.0,0.0,1.0,24.0,3.0,0.0,0.0
"Kyushu Electric Power Co., INC.",10.07,1,Utilities,Utilities,privatelocal,0.0,Asia & Pacific,China,0.0,Japan ,59.299999,East Asia,7.0,251.89999,2541.0,5062.0,0.0,1.0,0.0,0.0,0.0,1.0,0.0,0.0,0.0,0.0,0.0,1.0,0.0,0.0,0.0,0.0,1.0,0.0,0.0,0.0
Lakewood Carbon,9.530000269999999,10,Financials (Special),Specialty Finance,privatelocal,0.5,Asia & Pacific,China,0.1,United K. ,24.51000037,East Asia,10.0,103.400001,878.9,1034.0,0.0,10.0,0.0,0.0,0.0,1.0,0.0,0.0,0.0,0.0,0.0,10.0,0.0,0.0,0.0,0.0,10.0,0.0,0.0,0.0
Luso Carbon Fund,10.065000075,4,Financials,financial institutions,privateglobal,0.25,Asia & Pacific,China,0.0,Portugal ,19.1250005,East Asia,8.5,92.85000050000001,731.75,1301.75,0.0,4.0,0.0,0.0,0.0,1.0,0.0,0.0,0.0,0.0,0.0,4.0,0.0,0.0,0.0,0.0,4.0,0.0,0.0,0.0
Luxembourg Ministry of Sustainable Development and Infrastructure,7.940000099999999,1,Government,Government Agencies,Government,1.0,Asia & Pacific,Bangladesh,1.0,Luxembourg ,2.1800001,Southern Asia,10.0,54.700001,511.0,547.0,0.0,1.0,0.0,0.0,0.0,1.0,0.0,0.0,0.0,0.0,0.0,1.0,0.0,0.0,0.0,0.0,1.0,0.0,0.0,0.0
MGM Carbon Portfolio,10.723889,18,Financials,Asset Management,privateglobal,0.2222222222222222,Asia & Pacific,Vietnam,0.0,United K. ,26.00555525,Southeast Asia,7.166666666666667,103.17777650000002,1049.7777777777778,2020.5,0.0,18.0,0.0,0.0,0.0,1.0,0.0,0.0,0.0,0.0,0.0,18.0,0.0,0.0,0.0,0.0,18.0,0.0,0.0,0.0
Mabanaft,14.020000000000001,3,Energy,"Oil, Gas & Coal",privateglobal,1.0,Latin America,India,0.3333333333333333,Netherlands ,13.199999933333332,Southern Asia,8.0,17.366666366666667,139.0,253.0,0.0,1.0,0.0,2.0,0.0,0.3333333333333333,0.6666666666666666,0.0,0.0,0.0,0.0,1.0,0.0,2.0,0.0,0.0,1.0,0.0,2.0,0.0
Macquarie Bank,10.911739217391306,23,Financials,Banking,privateglobal,0.043478260869565216,Asia & Pacific,China,0.043478260869565216,United K. ,91.75217469565217,East Asia,7.260869565217392,181.75652147826088,1530.4782608695652,3213.521739130435,0.0,23.0,0.0,0.0,0.0,1.0,0.0,0.0,0.0,0.0,0.0,23.0,0.0,0.0,0.0,0.0,23.0,0.0,0.0,0.0
Marubeni,12.10483879032258,31,Materials,Chemicals,privateglobal,0.3870967741935484,Asia & Pacific,Thailand,0.0,Japan ,39.3129030580645,Southeast Asia,7.483870967741935,107.66451632258064,1095.7096774193549,2004.0645161290322,0.0,31.0,0.0,0.0,0.0,1.0,0.0,0.0,0.0,0.0,0.0,31.0,0.0,0.0,0.0,0.0,31.0,0.0,0.0,0.0
Mercuria Energy Trading,12.29200022,5,Energy,"Oil, Gas & Coal",privateglobal,0.0,Latin America,China,0.0,Switzerland ,168.67999960000003,South America,7.0,343.760004,3090.0,6428.0,0.0,4.0,0.0,1.0,0.0,0.8,0.2,0.0,0.0,0.0,0.0,4.0,0.0,1.0,0.0,0.0,4.0,0.0,1.0,0.0
Mercuria Energy Trading SA,12.250454545454543,22,Energy,"Oil, Gas & Coal",privateglobal,0.045454545454545456,Asia & Pacific,China,0.0,Switzerland ,57.190909090909074,East Asia,7.0,96.45909013636361,805.3636363636364,1770.5454545454545,0.0,22.0,0.0,0.0,0.0,1.0,0.0,0.0,0.0,0.0,0.0,22.0,0.0,0.0,0.0,0.0,22.0,0.0,0.0,0.0
Merrill Lynch,12.1375,4,Financials,Asset Management,privateglobal,0.0,Asia & Pacific,China,0.0,United K. ,63.57500075000001,East Asia,7.0,108.375,1160.25,2109.25,0.0,4.0,0.0,0.0,0.0,1.0,0.0,0.0,0.0,0.0,0.0,4.0,0.0,0.0,0.0,0.0,4.0,0.0,0.0,0.0
Ministry for Environment,18.0,1,Government,Government Agencies,Government,0.0,Latin America,Guatemala,1.0,New Zealand ,7.900000099999999,Central America,7.0,141.60001,1110.0,2527.0,0.0,0.0,0.0,1.0,0.0,0.0,1.0,0.0,0.0,0.0,0.0,0.0,0.0,1.0,0.0,0.0,0.0,0.0,1.0,0.0
Ministry of Environment and Rural and Marine Affairs,7.0,1,Government,Government,MDB,0.0,Latin America,Colombia,0.0,Spain ,0.0,South America,30.0,66.699997,1173.0,1840.0,0.0,0.0,0.0,1.0,0.0,0.0,1.0,0.0,0.0,0.0,0.0,0.0,0.0,1.0,0.0,0.0,0.0,0.0,1.0,0.0
Mitsubishi,9.90875009375,16,Consumer Staples,Distributors - Consumer Staples,privateglobal,0.125,Asia & Pacific,Thailand,0.0,Japan ,111.8812495125,Southeast Asia,7.0,440.2062488125,4394.25,7296.625,0.0,16.0,0.0,0.0,0.0,1.0,0.0,0.0,0.0,0.0,0.0,16.0,0.0,0.0,0.0,0.0,16.0,0.0,0.0,0.0
Mitsubishi Corporation,10.123750074999998,32,Consumer Staples,Distributors - Consumer Staples,privateglobal,0.46875,Asia & Pacific,China,0.0,Japan ,57.93750024062499,East Asia,7.0,182.15000040625003,1780.875,3574.9375,0.0,32.0,0.0,0.0,0.0,1.0,0.0,0.0,0.0,0.0,0.0,32.0,0.0,0.0,0.0,0.0,32.0,0.0,0.0,0.0
Mitsubishi UFJ Securities,10.524285800000001,7,Financials,Institutional Financial Svcs,privateglobal,0.42857142857142855,Asia & Pacific,Thailand,0.0,Japan ,13.128571571428571,Southeast Asia,7.428571428571429,61.62857100000001,559.0,974.2857142857143,0.0,7.0,0.0,0.0,0.0,1.0,0.0,0.0,0.0,0.0,0.0,7.0,0.0,0.0,0.0,0.0,7.0,0.0,0.0,0.0
Mitsubishi+Morgan Stanley,14.21,1,Financials,Institutional Financial Svcs,privateglobal,0.0,Asia & Pacific,China,0.0,Japan ,259.20001,East Asia,7.0,425.70000999999996,4123.0,8382.0,0.0,1.0,0.0,0.0,0.0,1.0,0.0,0.0,0.0,0.0,0.0,1.0,0.0,0.0,0.0,0.0,1.0,0.0,0.0,0.0
Mitsui & Co,9.80200012,5,Materials,Iron & Steel,privateglobal,0.2,Asia & Pacific,China,0.0,Japan ,121.14000175999998,East Asia,7.0,280.9800002,2404.6,3469.2,0.0,5.0,0.0,0.0,0.0,1.0,0.0,0.0,0.0,0.0,0.0,5.0,0.0,0.0,0.0,0.0,5.0,0.0,0.0,0.0
Morgan Stanley,12.995,6,Financials (Special),Specialty Finance,privateglobal,0.16666666666666666,Asia & Pacific,Indonesia,0.0,United K. ,74.21666633333332,Southeast Asia,7.0,144.86666866666667,1344.0,2793.8333333333335,0.0,6.0,0.0,0.0,0.0,1.0,0.0,0.0,0.0,0.0,0.0,6.0,0.0,0.0,0.0,0.0,6.0,0.0,0.0,0.0
Myclimate+WWF,11.84,2,Foundation,0,Foundation,1.0,Asia & Pacific,Papua New Guinea,1.0,Switzerland ,6.2953072,Southeast Asia,7.0,62.8999995,519.0,1148.5,0.0,2.0,0.0,0.0,0.0,1.0,0.0,0.0,0.0,0.0,0.0,2.0,0.0,0.0,0.0,0.0,2.0,0.0,0.0,0.0
NATIXIS,11.84,1,Financials,Banking,privateglobal,0.0,Asia & Pacific,China,0.0,United K. ,35.400002,East Asia,7.0,145.60001,1330.0,2341.0,0.0,1.0,0.0,0.0,0.0,1.0,0.0,0.0,0.0,0.0,0.0,1.0,0.0,0.0,0.0,0.0,1.0,0.0,0.0,0.0
NEDO,11.0,1,Government,Government Agencies,Government,1.0,Asia & Pacific,China,0.0,Japan ,6.5,East Asia,7.0,22.1,252.0,464.0,0.0,1.0,0.0,0.0,0.0,1.0,0.0,0.0,0.0,0.0,0.0,1.0,0.0,0.0,0.0,0.0,1.0,0.0,0.0,0.0
NEFCO,13.770000099999999,3,Financials,financial institutions,privateglobal,0.3333333333333333,Asia & Pacific,Lao PDR,0.0,Sweden ,16.400000333333335,Southeast Asia,7.0,37.766668,293.6666666666667,671.6666666666666,0.0,3.0,0.0,0.0,0.0,1.0,0.0,0.0,0.0,0.0,0.0,3.0,0.0,0.0,0.0,0.0,3.0,0.0,0.0,0.0
Natsource,10.858888988888886,9,Financials,Asset Management,privateglobal,0.1111111111111111,Asia & Pacific,China,0.0,United K. ,16.85300011111111,East Asia,8.666666666666666,64.98888788888888,633.2222222222222,945.0,0.0,9.0,0.0,0.0,0.0,1.0,0.0,0.0,0.0,0.0,0.0,9.0,0.0,0.0,0.0,0.0,9.0,0.0,0.0,0.0
Neas Energy,17.77,1,Financials,Asset Management,privateglobal,1.0,Asia & Pacific,Thailand,0.0,Denmark ,15.7,Southeast Asia,10.0,3.8,35.0,38.0,0.0,1.0,0.0,0.0,0.0,1.0,0.0,0.0,0.0,0.0,0.0,1.0,0.0,0.0,0.0,0.0,1.0,0.0,0.0,0.0
Netherlands Clean Development Facility,10.485000066666666,6,Government,Supranationals,MDB,0.16666666666666666,Asia & Pacific,India,0.3333333333333333,Netherlands ,120.18333503333332,Southern Asia,8.0,745.5833315,7106.0,8092.5,0.0,6.0,0.0,0.0,0.0,1.0,0.0,0.0,0.0,0.0,0.0,6.0,0.0,0.0,0.0,0.0,6.0,0.0,0.0,0.0
Noble Carbon,11.864421239393936,33,Financials (Special),Specialty Finance,privateglobal,0.12121212121212122,Latin America,China,0.0,United K. ,67.09999992121212,South America,7.212121212121212,108.76969706060606,887.3030303030303,1756.7272727272727,0.0,32.0,0.0,1.0,0.0,0.9696969696969697,0.030303030303030304,0.0,0.0,0.0,0.0,32.0,0.0,1.0,0.0,0.0,32.0,0.0,1.0,0.0
Nomura,11.84,1,Financials,Real Estate,privateglobal,0.0,Asia & Pacific,China,0.0,United K. ,66.199997,East Asia,7.0,120.9,1257.0,2467.0,0.0,1.0,0.0,0.0,0.0,1.0,0.0,0.0,0.0,0.0,0.0,1.0,0.0,0.0,0.0,0.0,1.0,0.0,0.0,0.0
Norwegian Ministry of Finance,12.0,15,Government,Government Agencies,privatelocal,0.0,Asia & Pacific,Lao PDR,0.0,Norway ,58.2142855,Southeast Asia,7.2,103.07999986666667,985.6,1992.0,0.0,15.0,0.0,0.0,0.0,1.0,0.0,0.0,0.0,0.0,0.0,15.0,0.0,0.0,0.0,0.0,15.0,0.0,0.0,0.0
Numerco,10.0,2,Business consulting and others,Environmental Services,privateglobal,0.0,Asia & Pacific,India,1.0,United K. ,66.6499975,Southern Asia,10.0,124.949995,1249.5,1249.5,0.0,2.0,0.0,0.0,0.0,1.0,0.0,0.0,0.0,0.0,0.0,2.0,0.0,0.0,0.0,0.0,2.0,0.0,0.0,0.0
Nuon Energy,10.66,1,Utilities,Utilities,privatelocal,0.0,Asia & Pacific,China,0.0,Netherlands ,11.4,East Asia,10.0,48.599998,410.0,486.0,0.0,1.0,0.0,0.0,0.0,1.0,0.0,0.0,0.0,0.0,0.0,1.0,0.0,0.0,0.0,0.0,1.0,0.0,0.0,0.0
Onecarbon International BV,14.805,2,Industrials,Waste & Environ Svcs & Equip,privateglobal,0.0,Asia & Pacific,China,0.0,United K. ,62.450001,East Asia,7.0,118.10000000000001,1206.5,2215.5,0.0,2.0,0.0,0.0,0.0,1.0,0.0,0.0,0.0,0.0,0.0,2.0,0.0,0.0,0.0,0.0,2.0,0.0,0.0,0.0
Orbeo,10.9914287,14,Business consulting and others,Environmental Services,privateglobal,0.35714285714285715,Asia & Pacific,Vietnam,0.0,United K. ,22.684615638461537,Southeast Asia,7.0,64.97142907142859,620.2142857142857,1270.2857142857142,0.0,14.0,0.0,0.0,0.0,1.0,0.0,0.0,0.0,0.0,0.0,14.0,0.0,0.0,0.0,0.0,14.0,0.0,0.0,0.0
Origin Carbon Management,13.4083331,6,Business consulting and others,Environmental Services,privatelocal,0.16666666666666666,Asia & Pacific,China,0.0,United K. ,16.283333333333335,East Asia,7.0,56.033332666666674,445.8333333333333,1006.3333333333334,0.0,6.0,0.0,0.0,0.0,1.0,0.0,0.0,0.0,0.0,0.0,6.0,0.0,0.0,0.0,0.0,6.0,0.0,0.0,0.0
Originate Carbon,10.030000000000001,8,Business consulting and others,Environmental Services,privatelocal,0.125,Asia & Pacific,China,0.0,United K. ,25.1812498725,East Asia,9.25,109.92499962499998,885.25,1341.25,0.0,8.0,0.0,0.0,0.0,1.0,0.0,0.0,0.0,0.0,0.0,8.0,0.0,0.0,0.0,0.0,8.0,0.0,0.0,0.0
PEAR Carbon Offset Initiative,14.0,1,Business consulting and others,Environmental Services,privatelocal,1.0,Asia & Pacific,China,0.0,Japan ,13.1,East Asia,7.0,44.099998,471.0,912.0,0.0,1.0,0.0,0.0,0.0,1.0,0.0,0.0,0.0,0.0,0.0,1.0,0.0,0.0,0.0,0.0,1.0,0.0,0.0,0.0
Pangea Green Energy,11.84,1,Business consulting and others,Environmental Services,privateglobal,0.0,Asia & Pacific,Philippines,0.0,Italy ,1.6,Southeast Asia,10.0,116.3,1163.0,1163.0,0.0,1.0,0.0,0.0,0.0,1.0,0.0,0.0,0.0,0.0,0.0,1.0,0.0,0.0,0.0,0.0,1.0,0.0,0.0,0.0
Perenia,21.8380004,5,Industrials,Waste & Environ Svcs & Equip,privatelocal,0.6,Asia & Pacific,Vietnam,0.2,Australia ,40.519999399999996,Southeast Asia,7.0,65.47999960000001,493.2,1149.0,0.0,5.0,0.0,0.0,0.0,1.0,0.0,0.0,0.0,0.0,0.0,5.0,0.0,0.0,0.0,0.0,5.0,0.0,0.0,0.0
Platinum Partners Value Arbitrage Fund,10.433636418181816,11,Financials,Asset Management,privatelocal,0.45454545454545453,Asia & Pacific,China,0.0,United K. ,31.672726990909094,East Asia,7.545454545454546,56.09999945454546,446.1818181818182,888.5454545454545,0.0,11.0,0.0,0.0,0.0,1.0,0.0,0.0,0.0,0.0,0.0,11.0,0.0,0.0,0.0,0.0,11.0,0.0,0.0,0.0
Quality Carbon Assets,10.563846338461538,13,Financials,Asset Management,privateglobal,0.5384615384615384,Asia & Pacific,China,0.0,Switzerland ,29.90769235384615,East Asia,7.0,75.42307700000002,618.0769230769231,1372.5384615384614,0.0,13.0,0.0,0.0,0.0,1.0,0.0,0.0,0.0,0.0,0.0,13.0,0.0,0.0,0.0,0.0,13.0,0.0,0.0,0.0
RNK Capital,15.4,1,Financials,Asset Management,privateglobal,0.0,Asia & Pacific,Vietnam,0.0,United States,17.1,Southeast Asia,7.0,53.799999,422.0,960.0,0.0,1.0,0.0,0.0,0.0,1.0,0.0,0.0,0.0,0.0,0.0,1.0,0.0,0.0,0.0,0.0,1.0,0.0,0.0,0.0
RWE Power AG,10.645294237254902,51,Utilities,Utilities,privatelocal,0.3333333333333333,Asia & Pacific,Vietnam,0.0,United K. ,38.773060622040816,Southern Asia,7.588235294117647,122.39019596078433,1229.3529411764705,2008.3725490196077,0.0,51.0,0.0,0.0,0.0,1.0,0.0,0.0,0.0,0.0,0.0,51.0,0.0,0.0,0.0,0.0,51.0,0.0,0.0,0.0
RWE Supply & Trading Switzerland S.A.,12.503333355555553,27,Energy,"Oil, Gas & Coal",privateglobal,0.037037037037037035,Asia & Pacific,China,0.0,Switzerland ,54.329629629629636,East Asia,7.0,97.72962874074074,920.5925925925926,1898.0740740740741,0.0,27.0,0.0,0.0,0.0,1.0,0.0,0.0,0.0,0.0,0.0,27.0,0.0,0.0,0.0,0.0,27.0,0.0,0.0,0.0
Rabobank,12.436666666666667,3,Financials (Special),Specialty Finance,privateglobal,0.0,Asia & Pacific,China,0.0,Netherlands ,47.666666666666664,East Asia,7.0,98.23333266666667,1018.0,1932.0,0.0,3.0,0.0,0.0,0.0,1.0,0.0,0.0,0.0,0.0,0.0,3.0,0.0,0.0,0.0,0.0,3.0,0.0,0.0,0.0
Renaissance Carbon Investment,10.744,10,Business consulting and others,Environmental Services,privateglobal,0.2,Asia & Pacific,China,0.0,United K. ,27.235999999999997,East Asia,7.6,85.4399993,790.3,1457.0,0.0,10.0,0.0,0.0,0.0,1.0,0.0,0.0,0.0,0.0,0.0,10.0,0.0,0.0,0.0,0.0,10.0,0.0,0.0,0.0
Rhodia,11.842500075,4,Industrials,Waste & Environ Svcs & Equip,privatelocal,0.5,Asia & Pacific,Vietnam,0.25,United K. ,8.9749999,Southeast Asia,8.5,61.1750014,531.75,789.75,0.0,4.0,0.0,0.0,0.0,1.0,0.0,0.0,0.0,0.0,0.0,4.0,0.0,0.0,0.0,0.0,4.0,0.0,0.0,0.0
Royal Bank of Scotland,10.66,1,Financials,Banking,privateglobal,0.0,Asia & Pacific,China,0.0,United K. ,23.6,East Asia,7.0,67.699997,621.0,1298.0,0.0,1.0,0.0,0.0,0.0,1.0,0.0,0.0,0.0,0.0,0.0,1.0,0.0,0.0,0.0,0.0,1.0,0.0,0.0,0.0
SIA Climate Futures,10.47,1,Business consulting and others,Environmental Services,privatelocal,1.0,Asia & Pacific,China,0.0,Sweden ,8.5,East Asia,7.0,21.6,173.0,389.0,0.0,1.0,0.0,0.0,0.0,1.0,0.0,0.0,0.0,0.0,0.0,1.0,0.0,0.0,0.0,0.0,1.0,0.0,0.0,0.0
SSE Energy Supply Ltd,10.778,5,Utilities,Utilities,privatelocal,0.0,Asia & Pacific,China,0.0,United K. ,60.8199996,East Asia,7.0,120.08000000000001,1178.4,2199.2,0.0,5.0,0.0,0.0,0.0,1.0,0.0,0.0,0.0,0.0,0.0,5.0,0.0,0.0,0.0,0.0,5.0,0.0,0.0,0.0
Shell Trading,12.058333345833331,24,Energy,"Oil, Gas & Coal",privateglobal,0.08333333333333333,Asia & Pacific,China,0.0,United K. ,67.8875001125,East Asia,7.0,125.92083262500002,1100.125,2350.625,0.0,24.0,0.0,0.0,0.0,1.0,0.0,0.0,0.0,0.0,0.0,24.0,0.0,0.0,0.0,0.0,24.0,0.0,0.0,0.0
Sindicatum Carbon Capital,15.359999875,8,Industrials,Environmental Services,privatelocal,0.125,Asia & Pacific,Indonesia,0.0,United K. ,45.9124987625,Southeast Asia,7.375,210.9500025,2099.75,3884.375,0.0,8.0,0.0,0.0,0.0,1.0,0.0,0.0,0.0,0.0,0.0,8.0,0.0,0.0,0.0,0.0,8.0,0.0,0.0,0.0
Smart Energy,11.053333383333333,6,Consumer Discretionary,Commercial Services,privatelocal,0.6666666666666666,Asia & Pacific,China,0.0,Japan ,52.050000383333334,East Asia,7.0,88.91666516666665,794.5,1682.8333333333333,0.0,6.0,0.0,0.0,0.0,1.0,0.0,0.0,0.0,0.0,0.0,6.0,0.0,0.0,0.0,0.0,6.0,0.0,0.0,0.0
Sojitz Corporation,10.07,1,Materials,Chemicals,privatelocal,0.0,Asia & Pacific,China,0.0,Japan ,98.699997,East Asia,7.0,538.40002,5388.0,10775.0,0.0,1.0,0.0,0.0,0.0,1.0,0.0,0.0,0.0,0.0,0.0,1.0,0.0,0.0,0.0,0.0,1.0,0.0,0.0,0.0
Solvay,10.65500015,2,Industrials,Waste & Environ Svcs & Equip,privatelocal,1.0,Europe & Central Asia,China,0.0,France ,14.8500005,Europe,8.5,40.3999995,304.5,534.0,0.0,1.0,1.0,0.0,0.0,0.5,0.0,0.0,0.0,0.5,0.0,1.0,1.0,0.0,0.0,0.0,1.0,1.0,0.0,0.0
South Pole Carbon Asset Management,10.568666713333332,15,Financials (Special),Specialty Finance,privateglobal,0.6,Asia & Pacific,Thailand,0.4,Switzerland ,13.933333366666668,Southeast Asia,7.4,62.260000600000005,593.2,1014.0,0.0,15.0,0.0,0.0,0.0,1.0,0.0,0.0,0.0,0.0,0.0,15.0,0.0,0.0,0.0,0.0,15.0,0.0,0.0,0.0
Spanish Carbon Fund,27.523332666666665,3,Government,Supranationals,MDB,0.0,Latin America,Tunisia,0.0,Spain ,135.83333333333334,North America,7.0,143.06666399999997,1263.0,2694.6666666666665,1.0,1.0,0.0,1.0,0.0,0.3333333333333333,0.3333333333333333,0.3333333333333333,0.0,0.0,1.0,1.0,0.0,1.0,0.0,1.0,1.0,0.0,1.0,0.0
Standard Bank,10.638571471428573,7,Financials,Banking,privateglobal,0.5714285714285714,Asia & Pacific,China,0.0,United K. ,17.342857314285716,East Asia,7.0,59.84285928571428,661.0,1228.5714285714287,0.0,7.0,0.0,0.0,0.0,1.0,0.0,0.0,0.0,0.0,0.0,7.0,0.0,0.0,0.0,0.0,7.0,0.0,0.0,0.0
Statkraft Markets GmbH,16.896666666666665,3,Utilities,Utilities,privateglobal,0.3333333333333333,Latin America,Colombia,0.3333333333333333,Norway ,58.433333000000005,South America,7.0,38.766667000000005,387.0,775.3333333333334,0.0,1.0,0.0,2.0,0.0,0.3333333333333333,0.6666666666666666,0.0,0.0,0.0,0.0,1.0,0.0,2.0,0.0,0.0,1.0,0.0,2.0,0.0
Sumitomo,11.50500005,18,Industrials,Industrial Services,privatelocal,0.05555555555555555,Asia & Pacific,China,0.0,Japan ,67.83888961111111,East Asia,7.333333333333333,195.90000072222222,1958.2222222222222,3698.777777777778,0.0,18.0,0.0,0.0,0.0,1.0,0.0,0.0,0.0,0.0,0.0,18.0,0.0,0.0,0.0,0.0,18.0,0.0,0.0,0.0
Swedish Energy Agency,12.24,6,Government,Supranationals,MDB,0.0,Asia & Pacific,China,0.0,Sweden ,75.68333333333334,East Asia,7.0,138.54999666666666,1364.1666666666667,2750.3333333333335,0.0,6.0,0.0,0.0,0.0,1.0,0.0,0.0,0.0,0.0,0.0,6.0,0.0,0.0,0.0,0.0,6.0,0.0,0.0,0.0
Swiss Carbon Asset,14.043846092307692,13,Financials (Special),Specialty Finance,privateglobal,0.46153846153846156,Asia & Pacific,Thailand,0.46153846153846156,Switzerland ,29.37692306923077,Southern Asia,8.153846153846153,102.68461624615384,812.4615384615385,1449.0,0.0,13.0,0.0,0.0,0.0,1.0,0.0,0.0,0.0,0.0,0.0,13.0,0.0,0.0,0.0,0.0,13.0,0.0,0.0,0.0
Swiss Re,13.025,2,Financials,Insurance,privatelocal,0.5,Asia & Pacific,China,0.5,Netherlands ,36.4499984,East Asia,8.5,72.35,701.0,1257.5,0.0,2.0,0.0,0.0,0.0,1.0,0.0,0.0,0.0,0.0,0.0,2.0,0.0,0.0,0.0,0.0,2.0,0.0,0.0,0.0
Tepia,10.510000075,4,Consumer Discretionary,Commercial Services,privateglobal,0.75,Asia & Pacific,China,0.0,Japan ,11.17500025,East Asia,10.0,68.54999975,594.75,685.5,0.0,4.0,0.0,0.0,0.0,1.0,0.0,0.0,0.0,0.0,0.0,4.0,0.0,0.0,0.0,0.0,4.0,0.0,0.0,0.0
"The Kansai Electric Power Co., Inc.",23.690001000000002,1,Utilities,Utilities,privatelocal,1.0,Asia & Pacific,Vietnam,0.0,Japan ,13.5,Southeast Asia,7.0,23.700001,246.0,483.0,0.0,1.0,0.0,0.0,0.0,1.0,0.0,0.0,0.0,0.0,0.0,1.0,0.0,0.0,0.0,0.0,1.0,0.0,0.0,0.0
The Tokyo Electric Power Company,10.656000180000001,5,Utilities,Utilities,privatelocal,0.0,Asia & Pacific,China,0.0,Japan ,51.959999800000006,East Asia,7.0,135.84,1445.8,2670.0,0.0,5.0,0.0,0.0,0.0,1.0,0.0,0.0,0.0,0.0,0.0,5.0,0.0,0.0,0.0,0.0,5.0,0.0,0.0,0.0
Timing Carbon UK,14.0,5,Consumer Discretionary,Environmental Services,privatelocal,0.2,Asia & Pacific,China,0.0,United K. ,33.7599996,East Asia,7.0,44.100001000000006,380.8,822.0,0.0,5.0,0.0,0.0,0.0,1.0,0.0,0.0,0.0,0.0,0.0,5.0,0.0,0.0,0.0,0.0,5.0,0.0,0.0,0.0
"Tohoku Electric Power Co., Inc.",10.0,1,Utilities,Utilities,privatelocal,0.0,Asia & Pacific,China,0.0,Japan ,20.799999,East Asia,7.0,118.1,1182.0,1918.0,0.0,1.0,0.0,0.0,0.0,1.0,0.0,0.0,0.0,0.0,0.0,1.0,0.0,0.0,0.0,0.0,1.0,0.0,0.0,0.0
Topic Energo,10.0,2,Business consulting and others,Environmental Services,privatelocal,1.0,Asia & Pacific,North Korea,0.0,Czech Republic ,7.29999995,East Asia,7.0,33.6000005,254.5,590.5,0.0,2.0,0.0,0.0,0.0,1.0,0.0,0.0,0.0,0.0,0.0,2.0,0.0,0.0,0.0,0.0,2.0,0.0,0.0,0.0
Toshiba,11.84,2,Industrials,Electrical Equipment,privateglobal,1.0,Asia & Pacific,Vietnam,0.0,Japan ,2.3500000500000002,Southeast Asia,10.0,41.1000005,411.0,411.0,0.0,2.0,0.0,0.0,0.0,1.0,0.0,0.0,0.0,0.0,0.0,2.0,0.0,0.0,0.0,0.0,2.0,0.0,0.0,0.0
Total Gas & Power,12.279374999999998,16,Utilities,Utilities,privatelocal,0.0,Asia & Pacific,China,0.0,United K. ,78.98750025000001,East Asia,7.0,155.6312510625,1422.875,2980.125,0.0,16.0,0.0,0.0,0.0,1.0,0.0,0.0,0.0,0.0,0.0,16.0,0.0,0.0,0.0,0.0,16.0,0.0,0.0,0.0
Toyota,9.0,1,Consumer Discretionary,Automotive,privateglobal,0.0,Asia & Pacific,China,0.0,Japan ,6.3000002,East Asia,10.0,119.1,1122.0,1191.0,0.0,1.0,0.0,0.0,0.0,1.0,0.0,0.0,0.0,0.0,0.0,1.0,0.0,0.0,0.0,0.0,1.0,0.0,0.0,0.0
Trading Emissions,10.57000012173913,23,Financials (Special),Specialty Finance,privatelocal,0.21739130434782608,Asia & Pacific,China,0.0,United K. ,105.11363548636359,East Asia,7.130434782608695,285.7434786086957,2836.521739130435,5655.391304347826,0.0,23.0,0.0,0.0,0.0,1.0,0.0,0.0,0.0,0.0,0.0,23.0,0.0,0.0,0.0,0.0,23.0,0.0,0.0,0.0
Treasure Boat,11.450000099999999,3,Financials (Special),Specialty Finance,privatelocal,0.0,Asia & Pacific,China,0.0,United K. ,53.59999966666667,East Asia,8.0,89.06666566666667,745.3333333333334,1406.3333333333333,0.0,3.0,0.0,0.0,0.0,1.0,0.0,0.0,0.0,0.0,0.0,3.0,0.0,0.0,0.0,0.0,3.0,0.0,0.0,0.0
Tricorona Carbon Asset Management Sweden,10.0,1,Financials (Special),Specialty Finance,privateglobal,0.0,Asia & Pacific,China,0.0,Netherlands ,106.7,East Asia,7.0,317.89999,3421.0,6601.0,0.0,1.0,0.0,0.0,0.0,1.0,0.0,0.0,0.0,0.0,0.0,1.0,0.0,0.0,0.0,0.0,1.0,0.0,0.0,0.0
Tricorona Carbon Asset Management Sweden+Government of Sweden,13.223333333333334,3,Financials (Special),Specialty Finance,privateglobal,0.0,Asia & Pacific,China,0.0,Sweden ,66.63333366666667,East Asia,7.0,118.56666666666666,1278.3333333333333,2464.6666666666665,0.0,3.0,0.0,0.0,0.0,1.0,0.0,0.0,0.0,0.0,0.0,3.0,0.0,0.0,0.0,0.0,3.0,0.0,0.0,0.0
UPM,9.34,5,Financials (Special),Specialty Finance,privateglobal,1.0,Asia & Pacific,Pakistan,0.0,United K. ,7.860000000000001,Southern Asia,9.4,34.9400002,292.0,395.4,0.0,5.0,0.0,0.0,0.0,1.0,0.0,0.0,0.0,0.0,0.0,5.0,0.0,0.0,0.0,0.0,5.0,0.0,0.0,0.0
Ultimate Carbon Trading,12.44,3,Business consulting and others,Environmental Services,privatelocal,0.0,Asia & Pacific,China,0.0,United K. ,61.36666466666666,East Asia,7.0,95.10000000000001,810.0,1761.6666666666667,0.0,3.0,0.0,0.0,0.0,1.0,0.0,0.0,0.0,0.0,0.0,3.0,0.0,0.0,0.0,0.0,3.0,0.0,0.0,0.0
United Carbon Credits,12.459999999999999,5,Financials (Special),Specialty Finance,privatelocal,0.0,Asia & Pacific,China,0.0,United K. ,73.4399996,East Asia,7.0,153.35999999999999,1256.4,2790.8,0.0,5.0,0.0,0.0,0.0,1.0,0.0,0.0,0.0,0.0,0.0,5.0,0.0,0.0,0.0,0.0,5.0,0.0,0.0,0.0
VROM,11.946666666666667,3,Government,Government Agencies,Government,0.6666666666666666,Asia & Pacific,Rwanda,0.6666666666666666,Netherlands ,21.566666333333334,Southern Asia,8.0,67.8,682.6666666666666,1281.3333333333333,1.0,2.0,0.0,0.0,0.0,0.6666666666666666,0.0,0.3333333333333333,0.0,0.0,1.0,2.0,0.0,0.0,0.0,1.0,2.0,0.0,0.0,0.0
Vattenfall,11.621818290909088,11,Financials,Asset Management,privatelocal,0.0,Asia & Pacific,Vietnam,0.0,Sweden ,40.77272661818183,Southeast Asia,8.909090909090908,117.60908990909091,1120.6363636363637,1595.6363636363637,0.0,11.0,0.0,0.0,0.0,1.0,0.0,0.0,0.0,0.0,0.0,11.0,0.0,0.0,0.0,0.0,11.0,0.0,0.0,0.0
Velcan Energy,15.4,1,Utilities,Utilities,privateglobal,1.0,Asia & Pacific,India,1.0,France ,1.8,Southern Asia,7.0,19.6,274.0,398.0,0.0,1.0,0.0,0.0,0.0,1.0,0.0,0.0,0.0,0.0,0.0,1.0,0.0,0.0,0.0,0.0,1.0,0.0,0.0,0.0
Vietnam Carbon Assets,23.5,1,Financials (Special),Specialty Finance,privatelocal,0.0,Asia & Pacific,Vietnam,1.0,Switzerland ,37.5,Southeast Asia,7.0,58.700001,529.0,1116.0,0.0,1.0,0.0,0.0,0.0,1.0,0.0,0.0,0.0,0.0,0.0,1.0,0.0,0.0,0.0,0.0,1.0,0.0,0.0,0.0
Vitol,11.66899413786984,169,Energy,"Oil, Gas & Coal",privateglobal,0.11242603550295859,Middle-East,Vietnam,0.0,Switzerland ,78.1179288402367,Southeast Asia,7.071005917159764,196.44911280710056,1728.9467455621302,3662.698224852071,0.0,168.0,0.0,0.0,1.0,0.9940828402366864,0.0,0.0,0.005917159763313609,0.0,0.0,168.0,0.0,0.0,1.0,0.0,168.0,0.0,0.0,1.0
Voestalpine,11.504285757142856,7,Materials,Iron & Steel,privatelocal,0.5714285714285714,Asia & Pacific,China,0.0,United K. ,24.285714371428572,East Asia,8.714285714285714,66.242857,663.8571428571429,1028.142857142857,0.0,7.0,0.0,0.0,0.0,1.0,0.0,0.0,0.0,0.0,0.0,7.0,0.0,0.0,0.0,0.0,7.0,0.0,0.0,0.0
Wienerberger,9.4700003,1,Materials,Construction Materials,privatelocal,1.0,Asia & Pacific,China,0.0,Austria ,9.6000004,East Asia,7.0,29.0,268.0,558.0,0.0,1.0,0.0,0.0,0.0,1.0,0.0,0.0,0.0,0.0,0.0,1.0,0.0,0.0,0.0,0.0,1.0,0.0,0.0,0.0
World Carbon Credit Investment,12.44,1,Financials (Special),Specialty Finance,privateglobal,0.0,Asia & Pacific,China,0.0,Sweden ,65.599998,East Asia,7.0,116.0,1061.0,2221.0,0.0,1.0,0.0,0.0,0.0,1.0,0.0,0.0,0.0,0.0,0.0,1.0,0.0,0.0,0.0,0.0,1.0,0.0,0.0,0.0
Zero Emissions Technologies,16.69333333333333,3,Business consulting and others,Environmental Services,privatelocal,0.6666666666666666,Latin America,Uruguay,0.0,Spain ,47.36667,South America,9.0,38.49999906666667,298.0,604.3333333333334,0.0,1.0,0.0,2.0,0.0,0.3333333333333333,0.6666666666666666,0.0,0.0,0.0,0.0,1.0,0.0,2.0,0.0,0.0,1.0,0.0,2.0,0.0
